{"branches": 92.36111111111111, "coverage": 99.76708074534162}